topic,query,chunk_id
-1,what is rba,ca869ae1ed3f5021cb5b2a0b78cc846c
-1,was ronald reagan a democrat,ebd6ebdb7fbbb0ae0e3248151cb73a2c
-1,how long do you need for sydney and surrounding areas,312128ddec1425cb40e059ba2f521eff
0,price to install tile in shower,88ff1f6cde4ca8af5b3046d56d029a9b
2,why conversion observed in body,b639dba25e9a060b549d8430ea807aea
2,where are the lungs located in the back,3fd0aabc0e8f2f53be360044b89f3887
0,cost to get a patent,e4d9b1ab17aff7ce0949fa13b9516e2c
-1,best tragedies of ancient greece,b0ddd6c64362083fadb1119253deb5f1
15,what is a conifer,43da87d27d9adc823d9e9654ef0a4a4a
10,in animals somatic cells are produced by and gametic cells are produced by,4ff0ed20afce65c76bdb0df809ef5025
10,in animals somatic cells are produced by and gametic cells are produced by,0f556defd6442767c1fee0e729f942fb
18,remembering the name of the author who wrote the cat in the hat,e52d528e561f1a0da3843c4cfdb52e61
11,how long cooking chicken legs in the big easy,0eee30da5345ccc9fd7828cc7c395e0e
0,average cost of heating per square foot,fb8784842de7d884e316ff5183326240
9,is mount pinatubo made of granite or basalt,c04daa72d1ab49ccc5e8f4823ed30af1
0,concrete pads cost,25ee6d24c8b85d058240da883888cadf
12,what kind of organism is a black damsel,08501eddc79ee4ef6d8e70aaf5cf40f3
-1,who coined the phrase it is what it is,1e52ab59cb3805dbb9443f10c31633ee
9,what is oilskin fabric,8aad32c93e8e50f0a1b7475edd592c2e
1,how long is german measles contagious,175e46458e8c42b91eff28bd8c223535
-1,what is a camerata,286d29b9aeb378b60ba5f35750e72e02
11,how long does it take to bake a pound cake,8609d2b188b6161a040282af0f529b2a
11,how long does it take to bake a pound cake,1afc2f93694f49135dae8b94157182fe
1,what is the maximum dose of subutex,becb007a887bbe0532d1e2a48dc5b66c
0,salary difference in same team,9609b93e8cc1a8d6c369f2a52fc139b5
15,what was tet,b3df45ea079e846b846f553d957f99d9
-1,what energy is used in photosynthesis,86a54605004ebc6d0516afc4bbe08cc1
2,"The smallest blood vessels in your body,where gas exchange occurs are called",72ddd4f227a453ee48e9f6dee12e608d
-1,what is rappelling,5c4ded18120d0324d5c698b697320a9e
6,what does a brewery representative do,821b47aa3409842ce5c7920918489ce3
-1,how long will i be in hospital after a gallbladder surgery last,f9dfd5f65309e0e760fc72b81f237544
1,at what age does medicare begin,45ce846881693e53b16f7768445954ed
0,Adoption fees for rabbits,d4427da7fed9b40a865014380fa8cd35
-1,what is a diabetic kidney,f78cdaa48a0e7a6a302bd07dd01bf43a
17,why is james madison father of constitution,dd92871032399aed1505d99a3385ae19
-1,what temp does meat need to be cooked to,8cf163eec6242ec31b3c689a07709445
6,what is a mobile analog phone,d5c7a5fc26e80ce32c39587bf2e516d4
-1,traits that are derived from a common ancestor are said to be,5dce884e7da2fdd8c66667b8a135498c
0,residential solar cost,72b04354b80bca3433528ab5e9882211
0,irs late penalty fees,6c920547285f3e51873bbc7f25833d0d
-1,what is the discriminant of an equation,fe9e7d521a41651c5fe8c90a21390824
5,gayla name meaning,d918f96082e24ab785a85c872a21eda5
-1,what animal is a possum,027f5b7c3a1ac7f680e521c70c54a895
-1,what animal is a possum,61b5a404724da9defa5a5c91d2626e5a
-1,types of bacterial respiration,9d66649f393b2c290bd0968fcad04ade
-1,what are monocytes,0f612312a840f9dc47348558d9553a2b
0,interior decorator cost per hour,8ffc850cd88f8cf0eb95e0f46234a1da
0,interior decorator cost per hour,ab07c30ef516a1138eed4c71b0ab6f98
0,certified child life specialist average salary locally,43404303ae16da6d15cf127503fd43c6
-1,What Kills Scorpions Naturally,37f06939bae2d740690076b81f57563f
5,what is the meaning of powhiri,623a2fe69c0be3442a172b8a731d652e
-1,Burly Man Definition,38133de3f69d426b1c9bf1940863196c
6,do game shows pay their contestants,13bd4f7ecba9f7f4dd7d32e668b95a7a
3,diseases caused by clostridium,a0b974c8a1cc1dc3d32440b25290583a
0,what is the salary of a person with a biology degree,7f189d7e32c5f4534c3c71b8cbd872e3
0,what is the salary of a person with a biology degree,f0762ad5462776165e742c8e6fa32d62
0,what is the salary of a person with a biology degree,d92f6f5928ca75193ffc8adb9a965a30
4,how tall is jack griffo,e07691ee42c25a45cba89fb03ef9a8fe
-1,what is meant by pneumatics,7b13fdfc16c00957359b763ac3a1f0e0
-1,what is a laryngocele,8edda02fd506aa2dab294ddf5815ea4e
1,what age can a child go swimming alone,56cf6dede952d3dfc79f4849a9470b78
-1,what kind of coffee pods does delonghi use?,31755b245e1efb2143cfef859aa4bad1
-1,why choose range or interquartile range,c320bd3559023b9bc7ba48f269889edb
3,what are liver spots caused by,f6d77b3b219820bde24d6997bab14ebc
3,what are liver spots caused by,bc1f7b447adde50e39205342501b7649
3,what are liver spots caused by,c221d3df40bbc52d488390445f9fcbd3
18,History of Microchip Timeline,10cca5014e88e476320316f56dd9089e
1,medicare conditions of participation emtala,c80a60a36b7588ea36f31336296f868b
7,does peanut butter contain cholesterol,14515e5c6a8ef95863d1e8ed6693c794
-1,can you take left hand lane to turn right on a dual carriageway roundabout,8d713e0cb73368909e23572040b63c68
1,what does the oad survey expert level color mean,63515faf6a3e1c69564583d876f243ec
2,example of involuntary muscle tissue is,c15ee4c01c4d187ea1260a07a6f78e1d
-1,what is slime,a2e2f5bdfae61dcf6a1a5a2aed1a21e1
-1,how to make a poached egg without an egg poacher,c93d8210fb49597312d492cce1a45a11
-1,how to make a poached egg without an egg poacher,828a65c57b0d45ae35944c2fa7337c51
14,what is a harrier,a487494baa560524950f55a09b76bad6
19,how long should a drive thru take,d5f4f5a0c3a286595a490a21b7b7e98c
-1,what is plasmalyte,86c025c37f5eec0494c8b06985522d1f
6,what is a goods receipt,84535cfa37bad823afdffe98a3834400
2,cortical functions of the brain,32404647e9cff82fe5e640a1617377d6
-1,what is conduction,d649f2089bcb19892c4217bbf1620059
5,what is a tilde accent,90b4d8ef74885fe1eaa3c9826b1abaf2
13,is armed assault a felony,b0a5a1a60278429d6368f8d62372b704
3,carpal tunnel symptoms,9977b53b292c225189237ae5c56204d1
5,meaning of name tasneem,329aa1b81723dd2e98de4802096f20bb
-1,why is the kilauea volcano a shield volcano,1205bbbd7b48fcdd97dd5a53a6bb16da
-1,how to make a gold color with paint,cab09de66694a0d0ff94b3b6266c7753
-1,what is carp fish,058c01c0e027e3061acd37ddde128424
-1,how long can you leave a cooked meal in the fridge,d5e803806bc1323c78a8bb6beba4f8bd
8,average sea temperature alcudia,7d76abb6536dadee62406e15fff515bc
8,average sea temperature alcudia,aaf8778fd7cbf8f3dad0c5eb7756dbfc
12,characteristics sporophyte plants examples,4308b899f4195aba3c565ba8dc5b5554
3,what type of hepatitis causes cirrhosis,3f03eac8c0bfe4cafa88d13d83219dd6
5,is silverbeet the same as chard,423ac6e13d475df9807a9fea4bc90824
-1,cal water phone number torrance CA,cc93f706b3de5c250be9fe76f75938c6
9,what are humans made of chemically,cc9b8c991782d31c9e26d42630441e2f
-1,what is sugar soap,e77ea90ab17d50da8567d24012a295bf
15,conchae definition,30077b4b0207e71a0a13ee31871e3e50
15,conchae definition,cebd8b74f746ef610ce50557b5d43bb3
8,temperature of neptune in fahrenheit,45888807f1d9b9e84990546d8998a02e
13,what amendment limits the terms a president may serve,f72201c3a74e34af84c210e2e6646eec
9,what is palladium metal,1c904b1ccfcb53940a8fbd5f7e18275c
3,what is the cause of conjunctivitis,6dd2c729f0517f4937555d4432ce2cdd
3,what is the cause of conjunctivitis,212498965c53823a7c393755dd14cfbf
0,yearly cost for lumosity,859ce3de1fb76523ae115f9db09cc27b
-1,watchdog.sys what is,6b82ae813269708fd80f52c45bc15594
-1,what is a bak file,914c0c7cee62d2cebed4797bcabe66d4
0,How much will it cost to go to college to become a detective,0cab1d7b21aba2ffb9e8b75db95ea996
13,trust amendment term,119c9a8aeaccca295a22d3d33d23c3ab
13,trust amendment term,dc5c673913b60466d5bf3d57073f97e9
-1,what is kuchen,353874ea1436b36c04a06f49af3a6dfe
1,aleve maximum dose,b3ba5e985ca74f82cc394c70c174d803
5,caito name meaning,f4cd725d742976e460bc82e6f5ef10d4
9,i-type granite definition,f730acd92704cb250b60b0aafe1e6815
0,net worth of average american household,de4c2920419b1b3debf495f553a57701
14,what is haemolytic anaemia,41c5bae6b3c4ec5aa5108c9763413d64
-1,what is a pressure receptor,f85444f4df46ea9480a443d6f37f89c6
3,what to write in a card about illness,7987f64ccb66adb8343f48405b40a43e
1,how long does it take for a letter to arrive in a different state,d52a6d350f95be8215220135a7829b24
17,what was true of the desegregation of the armed forces under president truman,793611791e32a92f2b6fda730095ef02
0,cost of a masters degree in education,09d4736e0ff53695961707cb901ae5e8
1,how can i tell what glasses look good on me,634472a1c6be3d0e358ff062a5b93450
-1,describe parkinson disease movement,3b316145d20c5c3580915d5e8aec074a
0,how much will closing cost be for the buyer,4adb42eb8a077855f8cdc3fb59ae0e54
0,rear struts replacement cost,83e6cdeab9c44e961a518d3a85f7433b
-1,are springtails harmful,1abe27a0ae94117714431434e9feb2cb
2,what part of the brain is dopamine produced,0d1ab1d6000ff35cd51e60e64b30eb36
-1,what is a cheeky nandos,2d1e59336302e1c2f0991a5ff20b13c8
-1,how big is a regular shot glass of liquor,40c21bb4f0c78590f116d9aeb1399a85
-1,what are zodiac boats made of,561e92df19b0f813b502b6a11cbd33b3
-1,how long does a chipped collarbone take to heal,b1003c93ecc243e6409d57680b86c73a
5,where does the surname pickering originate,4455c59e71d949104264fa761286a8bb
0,solar cost in arizona,d9ded29567d7d6c5ebb39f3720c16cbc
-1,usaa routing number,201f79164e17c3b90fda28ec807923e6
7,what are the foods rich in vitamin b complex,4c8471c6ad66c4329ec6e0162aaa5901
1,safe dose range help,31645d7d0125ecc164a8c9d48c5d0e10
3,what causes zoster shingles,19f2b9816cdd485306d59d487a3f5806
-1,what time of day do i install package bees,c929a845f0c682d8c2d87f566bb8e8f2
6,what is an investment banker,d12333e13f32613037ef3f994ca40565
-1,how fast do weigela grow,168aa99ee69c1a11b594cbdf361bb808
4,minimum height of a motorway bridge,382e36a5cb4916bc895e4a7638b9b3d5
7,are angora goats good for meat,18023b77df0394e2ddf5c799f949cdb4
7,are angora goats good for meat,6fa7bbbe3cc8ebee20d336aa9794a048
1,does visa signature have roadside assistance,353262f97e7ed5fd1f05dac7afb9b378
7,why can't you eat pineapple when pregnant,ceee69a26091fd7ba54d9d4795e32c65
-1,what was the reason that the tea act passed,1bb6443cd5964d71c30ebaef6fab1434
4,can we skip amicalola falls to get to springer mountain,3e7096f3f0628c2fcd71cb804be192a3
16,Is Tramadol A Narcotic or Opiate,ea113d045a95ca8b22c5d490ac5b65ce
16,Is Tramadol A Narcotic or Opiate,020c55d3bca349c40d0b7c269c734d71
-1,convert cups to pounds confectioners sugar,ee0b05de6fbad878e3669a8ff2e60d87
1,what is an ESR level on a blood test?,e49c7e7f3941c31fd18e9d264fcb1246
6,can i update the iphone software then back it up from my previous phone,f79059bc1b632a0e23605b8c51d55d79
-1,who is putin,546bdab9a0da550852163a00afaae025
12,What are the frustules of diatom phytoplankton composed of?,1888b13c01ff49922d6ab037f2ec6fad
1,how long is a prescription valid for,6e044463fd9344798eb9a42731beecad
1,how often should puppies get shots,3bb488f89f0723bc128ba37d4a32810e
0,how much is a current postage stamp,1fc1e9d58cbe2bcc114721f8a1ff4d48
2,how to remove header from second page of document,2da1bcd2c8248150c5f74965ada7df33
7,chemical composition of cereals,e8664d852c3d781767dbe8bdf9297e7b
-1,what conditions do cocoa beans grow in,04ac8afa985cd03f56f249e15e65fd9b
1,how long is typhoid vaccine good for,d7dcbc865385297dabbf96274a933eb8
1,how long is typhoid vaccine good for,0fde3f47ad47510c130ee6b8fa8da85a
-1,what color is phlegm,bd77ffd1b17c953b1902d933a8f17ebb
6,is the new tesla hybrid,19a2015346e067f2633ca4fc0b94e4e8
0,how much does it cost to be in a sorority at fsu,6c4bad7437ced90ed92cd2cedaba18e8
10,what is vesicle,c308ed126698d0c173ae1451821808e1
10,what is vesicle,5f80831ab3c7803882458bb8dfbac626
-1,how fast can a person run,b638cc46dae94840f2bb5e32d02637a7
-1,does delirium cause hallucinations,9e94068a9ab9079133f5aadbb11ed5d6
0,how much does it cost to change names on ryanair tickets,a06d44c51b0fad084699ae689af57df9
0,how much does it cost to change names on ryanair tickets,962203f5b179bca977ed58a51e3c89ea
4,height of the highest ocean mountain,9abff82f198dc6d324896fe314c4aaf4
2,what are the four structures of the forebrain,6c8e5c6cd6a2ac4148107883b95a059a
4,where can you find canyons,5ffd96fdb897cee0c83c3d25f5cd6d94
0,salary hike in infosys,d589fa9baf0723b0d533b258090ca8e2
0,salary hike in infosys,44894efec14a4490f100f97d67bc09d0
1,normal age for a girl to start her period,dacac662efde9dec2067bce0bcee8d40
-1,does claritin help itchy eyes,7753e5f78fd064fe6ebfea80518b421a
2,what is filial bonding,44d034c27946b6dc09e08f3fb4cb187b
16,what is rimadyl,672af71abfe0e430bb83379f84ee6a75
-1,what are pyroclastic flows,c0e597bc84c3b753f619c3060c5d9d9b
14,the actor that played hagrid,635ad4ec8583ab518690f887fac1b8d9
14,the actor that played hagrid,913011d94b1e26d22f575c0383bde474
2,thoracic cavity definition,6119e540da8fbb86edf9add17386131b
19,how much time can you go between oil changes,c944888dc7bb30a1a01cf5c19776a19b
2,what is anencephaly,5bdd1bc4a45813c5b8370f80105ccb92
2,what is anencephaly,bf80676206106fcb809e6f8e6d6431d5
16,what is zfs,3ba1ec32703d1cb9c07c3ef0db7c1e17
1,how old do i have to be to be a bartender in texas,acb596c6c6ea64c303ade011f474afca
12,what species is a dandelion,9dc539403752581ac234e01d2eb77877
-1,how much carbohydrates starches should a child eat per day,79e86f022ce00153aa1ef23441919bdc
1,age limit to claim child as dependent on taxes,018bb09c47991717eb6df415252eaacc
14,who was actor larry parks,3794292da0a8ad36a33151e32b0a9542
0,average cost of replacing tie rods,4ca9d05c35de9bd618c1cf00c32e249c
-1,how to access xfinity dvr,a4108623b063da2fc1f4e4075e43f785
3,bordetella pertussis cell morphology,96353b1a755c04c4f0cefed1e324714b
8,what temperature do you cook beef ribs,ff6d1fc63d186edc2eaad1cf5cca0150
0,how much does it cost to upgrade your electrical panel,fb567b3458f86f5d3afddf9b8938a43f
-1,how long should a tattoo take to heal,b3ca62220b94f4e9360ee5b1899e3bb0
0,how can i get a job as a food tester,9f7b7f6099039fc92f4a3e34cc790ade
7,kinds of oils used for food,f2daa5c305e203a979d503a3ba7c2809
-1,what is eclectic paradigm theory,48559007bec9ff8a562cd8514e5859f4
8,what temp does frost hit,e5900d646ea05395746d05115bd11b4f
4,where is milford sound located,319ab5c3c031cac4d7f5cf074c44518a
0,abbreviation for semester,e015b08939599074767654a531821323
2,what structures receive arterial blood from the brachiocephalic artery,336ec28f687c63a63a2e6082cb5dc2cf
3,spots on lungs that are not cancer,9969fd392667ad0fbf8aa02f0828ff4e
-1,what is the time span of the roman empire,e6c65230a95afdf0482bf9f2983ebd77
-1,what is lactate in a blood test,1ac1c3838ff8e4257e5a387cd8d897c9
-1,in which Sc ecosystem is a horseshoe crab found,1dbbd85bceb39c9e7baf395dc7ffafa7
2,the cervical spine is composed of,c2a499c91b832006032640922d7ba2b2
4,kambos malaga contact,1cfb1e7149ec0010bc22dbb85284d17e
2,what is the function of the ciliated mucous membrane in the nose,5cf1aa02150143389b0018af721d82e5
8,how many calories burned during aquafit,16ca1314855ca45dc99a314543a12d51
-1,thyroid autoimmune disease sugar,c03007630a1edba6baca7eb6b4f4307b
0,how much does the masters champion win,66130bcae7f1bd2189c6d85edbc78934
-1,is mauna loa active or dormant,6f03c01eb2ee939342bd16eee15dc40c
-1,is mauna loa active or dormant,085cde75755527a111022f4060b1015c
-1,is mauna loa active or dormant,34062576c26df55457f689b97cc89bd0
3,what is a squa carcinoma,b9a9e3838b0299293a61753ffb020694
4,what counts as northern europe,a606e1748b606c85910a7dbdf71f275d
3,what is a hepatic hemangioma,2853c1061b0c6c962d934e5d85424857
0,cost of insulating a home,c777c44b42bb0a45232d19877e94a2fe
4,is mount everest in china,06636c1d34ec633d4a7d462b04c27f2b
8,weather morocco may,ca27f35fd04c6c0e9045f8dc75cd843e
-1,what album is soulshine on,ea045335ca63ab1796b20442239f42fe
16,what is xanax pills used for,70fde2d62ae518739d38ebd87d527baf
0,how much does it cost american taxpayers to house american arrested for marijuana,2fa338e78ad72679e891cc430ac1b09c
-1,what is aldehydes and ketones,b2f21d6e82ebc856215b68530bafae11
-1,why is uranus tilted,f0bdc7ef71ae90c95b376f48a8fb73b0
9,"between what years did the bronze age,stone age and iron age era occur",54e89be20b8ffd4fb76980bd4e93fdba
9,"between what years did the bronze age,stone age and iron age era occur",9638ddd5e316843279ee120d96388bb1
9,"between what years did the bronze age,stone age and iron age era occur",15a75a055296d9217a784a2d0ba7fc66
-1,what influenced the impressionist movement,0dd369345d8c4f1704e2ee0971d52ccb
-1,do hopi ear candles work,7a27735b9458a4ec7a99117df4a605aa
14,cast of ringer,d460884a8ba0f0e43ddc6125279b651f
14,cast of ringer,5d6290b34954ee0a3ef83aafc7227424
-1,what is greywater,f073e9843a75f5abd0a23c61d01889a3
0,qdoba salary,0392ba100ae364fe4cf938f8fe7039a4
0,qdoba salary,fa88ddc12223045b84537ff68667b1a2
1,normal level of tsh in children,0fec6338706264c02549f2e26daa40ba
5,name meaning of zadkiel,7b17d47238c5411a2d9313b4e4c0c097
-1,at what russian city on the volga did the germans suffer a major defeat,872dcc2a9d1004c91ad6fb63bdeb21e8
17,who was the president who caused the trail of tears,e3da2307377c26d88e80f39c8d5ddde6
16,what is a duc in france,bc4f945cda71c2bd7bae16a52f0385b7
10,what molecules are made in the heterochromatin,7c68e6aa5eb70a5bd4368ac964625424
-1,how long does a average person keep a car in us,d1af55aba5c975ff485b53004bb7ebf7
-1,is facility explorer tridium,021dcfd3e765e3cfc327bc31a7bd69d2
-1,ideal temperature to store eggs till incubation,ad7d587eaa9506a37a73490347dc8d51
-1,what does the huntingtin gene do,07182b3926bd4443acbe85771afa04a1
-1,what are transform boundaries,4e322cce82662c2caaa77e364c099ab1
-1,what are transform boundaries,b50528c02f9322aebcf02cf621b41cec
-1,what does acetylcholine do to your body,bdd3ff6319e9a1b25b21a5f5d0567ff9
-1,what does acetylcholine do to your body,2ae445856d08e6d542950c2f0c5884c6
0,cost of attending university of alabama,369fc950fc621f50a815cdd285b13d5b
0,cost of attending university of alabama,732bc618167e9d1f180c3e2d7d44652c
-1,what is fructose malabsorption symptoms,0593f27535602b3aeea4c9cfdc565ef5
-1,what is the peloton,541195f3f874a263571bf67ff4474426
-1,in your opinion living on a farm or in city yahoo answer,daf8c0f02c04014b01e5fb7aa70bc207
10,what does mrna do?,84c496a7ab8b03329cf3ae3823611da6
-1,if a potato gets cold does it lose starch,ee80668b56432a5cf49115e8717e884c
-1,what is pecorino,0de640644ca702c60056ddc5e90fed8b
0,how much do freelance editors make,26e71185f3156e7a2b9af1bea7176e8c
-1,uses of tea or coffee or alcohol,841d76a4df4343c2bb8936ea27dab3e8
-1,uses of tea or coffee or alcohol,5b2dd7b9c091e0c283c987b1875d5677
12,what is a terrestrial biome,9b5173c904f2b1021ec60e766094d500
12,what is a terrestrial biome,8fc061d94865101f98d6ebeb86c9f0aa
7,what are the function and metabolism of macronutrients,f04afc48b61238ca3d84fe8b12801cc4
2,what is budesonide inhalation suspension,87929d7b2be01ce0a7ad50cc5bee9a41
-1,what are the differences between photosynthesis and respiration,420afd5c1c746e486bd4110b6aaa1f87
-1,what are the differences between photosynthesis and respiration,1f4c79b6a2eaae418263245e5061df0a
7,foods that are good for pancreatitis,d6495d4c1eaf341e11a80bdd2273f50e
7,foods that are good for pancreatitis,4089914a76822591913bbc5b20b89a8e
2,what is the purpose of connective tissue,803caec315948805b724f0af10b606a3
0,highest interest rates in usa,31cb36e3b2b92424ff5acc979987986a
3,is psoriasis dangerous,f2ee658390db077d7a9f8c68fe45c42f
1,what is normal prolactin level in males,f8bde5f9aab9a5afe4c2f6bee6b1e704
7,what are vitamins and minerals good for,173307b40ea83ae94954eecf74960c21
-1,john locke is typically considered to be the founder of what philosophical movement,9d1422ae583af55f55d718884c05dce6
-1,definition of regeneration geography,ede7e68c14c6c41da9cfbf6b6e50ba3e
-1,what is myer,849d958d5ea886fa6cb24e26657536bc
0,how much is lipscomb tuition,e0fb580c46710f386e0c007118ef75c3
-1,how long can a diamondback terrapin hold its breath,c1b8d843cfe78f487ad72413d9d42a24
3,which tick has lyme disease,76301692371ea2ad23d262c83c0a35a9
18,what sir francis bacon was known for,2fb9237478d1ef5b0a161f6b8072b00c
18,who was alfred von schlieffen,31be319e2a0019c17e4405a9e4b42a0c
-1,what is dna testing used for,2247620f34aa1cd0f1c7f1113888203e
-1,how to fix tv that goes off in a few minutes after turned on,66b72434435caddb8de36976a3ca4da5
5,what does the name paige mean,f55c9a6dfc6d7fae604d666ea6a9dd92
0,salary range for registered dietitian by state,45cd2e87ee62968ea75876743a5fc7d3
0,salary range for registered dietitian by state,7852840131a8e24ed45ed9997e086047
4,where in the world can rattlesnakes be found,c80a57700b72a7c96c7bed1c036cac91
-1,how many people fit in a crew cab truck,8cfcd78aeedb12fdc10d36d6519b979b
-1,what is maximum term for relevant life policy,40afae0f8f79b22bc727119f3fccfcc0
8,how fast does a kiln cool down,1378dd53dfb04a1fc05e482671fffb15
12,is spanish moss a plant,d21c4495bed314cc30322aba34836354
12,is spanish moss a plant,e762a4a75ace571b276202331ef4b23d
-1,what time is the A-Day game,3dedd4792b7d5a011ac0a6eed6153f3a
14,what are huckleberry,dc82466ed39cb24556cf767825125615
0,how much cost the lawyer for citizenship,17d31cc23df3603626cd0c0f36238c23
6,what is cyber spoofing,4203d753c9c0975ffc1d5f7f0459ef90
0,how much does an apartment cost per month,fef8ff5bf42ef7911e2db8b90165408b
0,average cost of pressure washing by professional,57966b2336e29efe192ad03f2b6bd01b
11,how to cook steak in oven,5abf7cbbf4eff906894ae907c3d5566d
2,describe the function of the tongue,1cdfd363fb9890af38bf045b14644965
-1,definition of recessive trait,4cb26b4869a932eefa5ae8778836355d
15,what does concursus mean,6d47626b484c169adec1ef4356a26122
5,cecilia what does the name mean,1189d47d4ffb2f537d732a02805f4e91
-1,how does a breathalyzer test work,beb7979c2153aebd42f2437056411b0a
0,how much does it cost to file for bankruptcy,bee3987b81a09f3d94bffab102bd5f8b
16,what is carburetor for,0a5aef9300467ef5ee5d08fe69fe7a93
-1,best cleaning solution to get rid of cigarette smell,890a7e134384b7b465215a8a151e0496
-1,best cleaning solution to get rid of cigarette smell,708e3fabfe2a995e11219c3c09d670d1
-1,best cleaning solution to get rid of cigarette smell,49859b3e0720f2ba8077d990696729f8
-1,best cleaning solution to get rid of cigarette smell,29cf3d224e2b05b9d3f12b5f8fe403e2
-1,how does merry maids work,d317442b36755df1bacdbf90b09f5a02
-1,how long can the average person hold their breath,1b5caffaf9a6e80e6790b19f8acfb46c
-1,what makes a gas dissolve faster,6fa64a14fa962029fa5c20aee2341116
5,the biblical meaning of the name simon,63069ae7e362b0e8d5514f9a6214523a
0,does conserving water save your money,dcc7a6668b6a92702783545309639399
-1,what does deluge mean,6633a90acc6f4386ac5793d2d18aaa96
13,how to use iserror,34cc578bcb798ac1c9da52bcab34b708
7,do gallbladder problems cause loose stools,5384eb45cb17649b1d7514a8762cf939
10,what are the specialized cells of the epidermis called that produce the dark pigment that provides skin color,cb34ef01b4ab9321eb80ce247a62273a
1,What is laser light and How is it different from white light,886dccc2d7b3e3fb3109df413e4e69bd
1,What is laser light and How is it different from white light,fea9a1cf539e6efafef083f3459e326e
1,what is the amount of sodium recommended per day,b0cb86323737ac7cfa752982f00311c4
-1,uses for potassium salts,f9258455b93133000dd84df8352e9c21
7,different types of vitamin c,23f0b679cf09285dfffa3eb45743fcf6
0,how do you add decimals and fractions,64dcf769a5828d44a808190f5cc1ab8b
4,where is tib fib,8807ed77ae6e5ab6f21cbd4cf4a5e7ae
12,are photosynthetic protists related to plants?,e0dc8459d4c7c1bfec194601df6d7525
0,how much does it cost to insure an engagement ring,2a606eabd5e44f2a7cc03d4100c85478
0,how much does it cost to insure an engagement ring,6908be80872f6604680f109ee54a898a
4,proper height for a computer desk,28107fb02c651fc21f099e83b968b3f3
7,is fenugreek milk plus for breastfeeding good for diabetes mom,79817dcbd38dcd202a17f188d0308358
2,what tissues are lungs made of,cf9938af1f2941c91cf7143b1028a3a7
19,how long should a roof last,c9391f9deea0c6ff36e0c3fdb451c6d9
2,collagen definition anatomy,3858bd7fe2f10c80e99cf4d63d7e4c6b
0,average rate for apartment move out cleaning,5ae71ac2204500bb813d721185e8db9a
0,how long does it take to get a master degree in teaching in college,5ca88b50e9e73bc9f90e5e4bd830c546
5,what is romansh language,1c398f37fa28f023ac25f933d84b05a6
6,by what process are the majority carriers produced,7d047b717254a33cfc47cd652f8d43f3
-1,what does a blue whales tongue weigh,51504fd573b9214e375ceb83fd96c566
-1,what does a blue whales tongue weigh,c233fc2aac280f6c48feeb03f36ce355
1,what color is normal cat urine,dff2c22a5975a37cb0ee45b6eaccddea
1,what color is normal cat urine,77a139daf47b67b6a1427a54da6a594f
-1,is radioactive waste dangerous,05ab360699258a41c595475267b9fa51
9,where are precambrian rocks found,9f895334fbd8b33ed53bc36c4d36bd62
3,what is synovitis in ankle,efd72d56305e2c0f2a1545ca25636ef6
11,how long to cook chuck roast,b8591baa972cd4145e710495d748c294
-1,do patients with hypothyroidism have problems with iron levels,f5980e59a98ecc97115fb9999f3a7a7e
6,first pass yield definition,f2d1781f6a0b71caf7957993c181470e
-1,what is nitrobenzene soluble in,73ef7e1d43a2f3e107c33a1ac8f819c8
-1,what is nitrobenzene soluble in,b95debb4d10a482e339675b50d083b05
-1,wild turkey species ranges,204f1c758b076528b26ff38d0aaa072f
-1,why is nicotine bad for you,ee7e9c7b6a1ba56049c54dbb6a204fba
0,cost to treat termites,e96e355ec5d138c6735819e7d7ec80c2
-1,can you use windex to clean sterling silver jewelry,8147312517ec46846ea6ea9d541bcca7
-1,what kind of flower does bees like,4b3c4956f12468c45eb408adb1d5d089
16,what is a rolo chain,ea2672d7603353f72d4c3cd18637c6c5
-1,what does lipoprotein lipase do,027d48df01af8c72e11b1d7fd9451af9
4,how historically accurate is vikings,749622bfa12a812de46ece47a33d5e8b
-1,what is the population of southampton,35c381d7e79f75e63a55cdce7b01964e
0,salary for pvt in us army,f77b744a0c8880a2568683aa2092a3c3
0,average price of saud,e4c874a7bc5bf0225f74a672cf1cadfc
-1,hypothalamic inhibiting hormone definition,5e2e3fc78ae5eed13a4ece92d99be8b4
0,career in ultrasound technician salary,76455cebf85e6abb724d1dc8407cb2d5
0,how much does physiotherapy cost,a3216c4d992d2798a65e68663c3e8fc7
0,ltc amount calculation,545b262beaf5cb017292b8ab492d850a
1,what is the normal range for liver for humans,55716da087c4b6b9e9a6abe8bcac5713
0,what is annual value,d4bee8ece5552f6bef077e79bae46131
-1,what kind of test nerve test for nerve damage,8735d572f18b98ea6a1a6eb9d2fb47f1
-1,what kind of test nerve test for nerve damage,81bbd10e9d3dd94802bf98f1c2928d18
0,average ticket price for pittsburgh steelers,4a1c6fd97953bcc0bd4e4c62d92999f0
1,how to reduce the blood pressure quickly,e33fe67d23ff11fc334aa9c66ec12475
8,what is the savanna like in africa,e3ccc09ffe1faefc3980617991a24a5a
13,what is stateful firewall,e5c3853cee2bba60d570e848e91fa5d7
9,what is dacron material,df849f0458f4f8d509ed58745d62e899
0,cost to move,4dab0d0daad5bf85cee0b17b395e320e
-1,what is cargo movement,0a3d90f5e2defe9eb18f8170df4c25cc
-1,where is guild vendor stormwind,957da49f0966efd8b524154d307a9db6
4,why was the yellow river called china curse,2638964fcf7f7c1c0a4efed37008c56f
4,where does rccl dock in cozumel,ba84d1545fad90de35df15db20aff1ce
-1,other names for tsunamis,c42e011dca4cc4c9b33394c4a17e0d07
-1,what is the regulatory code nvq learning called,44ee9b651e84e7bb7e6770ed82a85643
-1,how to clean inflatables pools,ea3d6bdae79482d68fea70e6d5fb7170
14,what does hyalinized mean,186fad9a0321a6c05f92cb81dd198976
-1,what is yohimbine,9ca7ae4a26e328fb58fea71c95b82c2d
-1,superman what is doomsday,fd3909c5d584301eac4cb8de9a4bee50
-1,what type of reaction is iron plus oxygen,5b6a5220121add2039a859ab5a3d52c9
-1,dispersivity groundwater define,da2a19731d532507addb8df0a68338d4
-1,how much does the average person litter,cf3c813c96b44048f6b8a278e1cf674d
4,auspice definition,8abdef940f05b26008512f207aba24af
8,what temperature should a koi fish tank be,301e62e70ac1dcc2ea54b2e2354d7fd5
0,how much money does a waterboy make in the nfl,de8999e39f7ac507dd00325262d8a9f6
11,temp and time to bake chicken,ffcdb0b612feefd3d56070234b6129fe
-1,what does ad hoc mean in a job,a8f7afddd003a2a79c81297b7bd4aa44
-1,what is the difference between lymphatic system and immune system,d30bdf960b2e05e9f8137fe596ee9c3b
-1,what is the difference between lymphatic system and immune system,f6857c627a330d226e02f7a746c016ac
-1,what is the difference between lymphatic system and immune system,22418106e12d1cce4daacea669085096
-1,is dopamine addictive,be4c5b27d728d2ceb8773e62bbf07934
8,vancouver weather july and august celsius,d8fd84f1ba5b8bf63b0e97f628076abd
5,keil name meaning,da37d5c9818f67e9fd228238c76beeaa
-1,what does Paramecium pentaurelia look like,87f1149a14846665c24e1408c1a57bee
10,which organelle makes proteins for a cell,147a8999e5ccfe14d1b48b404df39079
10,which organelle makes proteins for a cell,dee874d4fdc5ae4da61d8cec86acc6d5
-1,farm bill definition,a212b30c0a2a41355c927d00b13f87d8
12,characteristics that unify mollusca,57c6d32efbf7b6fd76587f9c8fd73527
9,what are soba noodles made of,6ed3a78c56bfdab7c42618849ff73721
0,forensic toxicologist salary,3038d4966e71aadf1d87e68f55ba0594
16,is norco narcotic,14abc70181a88e918aa7b9caaf8beb6b
15,what is a timpani,d59e1ade4b1f559168a143e435391c92
4,what does the land of lotus eaters symbolize,d24b57f96efa5dec853cfd6c8bdc8f5b
5,skyler name meaning,dee078c5fc7a644bbae0d2b602656c8a
5,what does the name kingston mean,8794c9b5820343bcf733f16c595087d6
3,what is pertussis,0e1974996b143615a4bb5ddd4866be94
0,bmw gap insurance cost,415dfeb8ade5462463fa1ab740ea1010
2,the tracheobronchial tree is considered which part of the lungs,5c60e480037afbd6bb4bb576e40f44e9
6,what is rapid prototyping,99a573b1dc9f02ce4a53d267c50c2032
-1,what is oxymorphone,591654cb1e5bd48fccce8cd0e254dbdd
-1,what is oxymorphone,105aea9eb6a273a3c3f55c3f7df609e5
0,princeton tuition fee,c09436c9ead758fe4241845572c3a869
-1,how long is a rugby match,e2c8a810265d3e14cf750c607289cc0e
3,what is type a hepatitis,def4180b4b45575554984bc953513b2c
-1,rgb color names list,d701f4b3fef67e1a4f7716bf1b614828
8,average temperature in durban,44eb1d719676c4cd1af5983848c3b69d
8,average temperature in durban,75597b9b1ad1436974994135768eb6ba
1,What is a normal barometric pressure,94c769080005ff6b1b5cf2f7fed2b404
-1,what is g funk music,eb51d1c14e685530e4a149e21650f2e2
-1,why are hormones considered specific,bb8b7c575f7998d9198f2313e6016347
2,what is a thoracic,02b8dc2da1718fc21724df3b46930106
2,what is a thoracic,d6cdebdb780f014b4d59d8013631076a
2,why is inhalation an active process,8516df704c7956a3218ec16c9f02d249
14,what does haccp do,a8f02f8c36c398f10a27afd11e2049c0
-1,is hydrolysis process reversible,9be570bbd800bfc0d2ad57464cc80483
0,average pay for ceos,03b3822fdd31e553faeeca1e1f9966c1
8,cooking temperature for beef rump roast,a2ff5f5bf774077e37a33d04d663b322
13,what is legal is ethical,32df37f65db2255b23254f5b3feb7cd1
2,how to get from alcohol to alkyl halide,a6088ddf5c8240007bb1ef668cdf1c99
-1,definition of quantitative research,346146482fda17441595fb9d5a761bba
-1,what is fasnacht day,7bc9e89a95cb2589cb02c5d0e8ee0d97
0,tuition cost for midwestern state university,24d46e99a1b5cedf7f18e3d40b8a4350
1,ideal cholesterol level by age,e66aa99f8b26375bdb67dae01edf652a
-1,what is latency,1a81f140e3c73f2034c2fddb1470a59b
2,what does a stenopaic slit do?,a9003ccb69630d7e71b4b79e4d5a91a8
-1,cnattu oceana phone number,af6e4cd771668831e676b424c3ba34ee
7,what are the foods of australia,0b9ef6ab702f1a436fb7bcd9f69a7d5d
-1,definition of pretext,441152c9f54a3e5f5d5690c3890b34fe
-1,what is the scientific classification of nostoc,b1e356c254832f4a0b46f4dca69b6760
5,what does the name taliah mean,a9e1f221f9c5a95d243782322dcd002f
-1,do mice come out during the day or night,885d7e73f518ae566a2464e5ea71b598
-1,what are flame tests,b0ddc81cf567be8b8bd5e737d0000757
9,what is a yellow stone called,aa5808ac01b66317d38eba386ac0651d
-1,what do neutrophils secrete,a71f79a240f431bd8096461a11af9b5e
-1,what do neutrophils secrete,459aea0017f0ca0c56bfc10bfd0e112e
10,what sources does protein come from,5b3115d40aed7680ca5ac13806b97ff4
10,what sources does protein come from,5fc3026e45f38a15ab15007b66aa2941
4,what sea is iceland in,de83158f989d2d5e6feb147a30cf178b
-1,what elements does lime CaO contain,51a8d03c2768d7a6cfd33ba527725004
5,patriarchal meaning in urdu,d26617fe39e920535224091cf389f3ea
0,how well does deloitte pay,a5a30c26c4d0e350cef4dad4dea1e627
-1,what were early britains called,6dd5581b2d7d0e33db8eaed76e569892
-1,why is pluto a planet,e7bba7318bf37d39a6f33a32b3d64ab0
3,what is the scientific name for gonorrhea,794a60994976c91fa5fa0d6b3d04ce9c
10,what are decidual cells,999d007271631fa1c145cc884cfd92f9
0,what is the formula for calculating the amount of decking needed,c96d01e684c767ce6d134f33307ce2e9
1,How long after birth until period,494033396aa7389c0d69e3b0f56837b7
13,treatment synonyms,c3c117be32c1de9f308e58fa7c977bd3
-1,hr directors responsibilities,26974ba30d914c5dc4c7a7e3af93ffa3
5,rita name meaning,afa9b71e54e3a8afb859ef80f37fafa3
2,are the veins going to or from the heart,34984787f21d0cee833baf74415b1d80
-1,what is bird cage made from for budgies,26bdee0f17f692bedb11621087ced9f7
-1,what is the flammability of butane,0ce95165eb59bb5738a6cbdf92b1df6a
2,Oxygen in blood is transported mainly,8063da613f9038a6f8e3b3d08a763d8d
-1,what is an ivd,db8d4decf602ba7e78aeaec4dfd12722
1,how often should dogs be vaccinated,9c918ebcb2a22ee132af4bb76ad9853f
0,cost of attendance Menlo college,0513c2de3f85048cdd2ee60d02c4b063
1,average IQ in the usa with standard deviation,28b790e719a116d7a4c133bcfa1e0c7a
-1,what makes perseus and medusa statue renaissance,e0a89ddf695c90ed6491d9bded0e185d
1,how do you determine age in veiled chameleon,c7461d1ee49d02ecce3f618e73a3da54
1,how do you determine age in veiled chameleon,c2525a0029729dc956a3b1b47357f38c
0,what does an oral surgeon do,e63fb44617413ec5912afd8513d5e4fc
3,what does a rash above the ankles mean,6d14eb1d79f049f9a2a31347905f0eaa
1,what is average age of menopause,4bb238cc2d7140d971686c73800842fe
-1,how much sugar should be consumed in a day,b30bf9c58cf25f33707636636de4ff98
-1,how much does an average maple tree weigh,4fe919d121e614e3d138705fc8d85083
-1,what makes someone sedentary,27f8871c9ac7bc263fdb1b02fb6f476a
0,per diem usa,0751c45efb449eeddf601ea20fffed54
17,why did jackson believed the bank was unconstitutional,ec870ed701e94b25c540396da0a5663f
5,what is meaning of name shirley?,3a2036696448b235ef75c896ce1a112d
19,how long does a foreclosure take,b14a73220c5cae42b67fcfa0542df66b
-1,what is a legislative veto,5c41205a3e2640c43f797605a0804008
13,how would you define integrity,20b0164a4e4713a793485bb78973053c
-1,do jalapenos contain nickel,266c142e970e03d017152738cd8612f5
-1,what is radium,703419852b9b67fe598491300f5d8995
-1,why are birds service animals,4b8c7eed26a389042bbf045aecff0492
13,what does integrity means,699e22954afc7af50b17e4e6a358e9d4
4,where is the pyramids of giza,6782428136dbfa81f43cda901e298302
1,how far in advance do you sign up for social security,c2c976347ab31e329f63fcd1b3c0e6b1
0,non deductible ira contribution converted to roth,338820eb63be2d51c98c794bdf9e1fab
7,what are tocopherols in food,3d5dc4b95c762f3059efbc80abeffdd1
5,richmond virginia hill names,aca443ed5e9b48e57b6e1517c04d0186
5,richmond virginia hill names,effb77cf6e98172c38ca5eb5e7037b9f
0,cost of web development,23b30760db2387dcdb9c90278636726b
0,cost of web development,d2ea419e90a65f02e4cea570c0e6c8a1
6,what is plc,1f1b153490cd2033b3f86842d6bbf4b5
6,what is plc,e0eeff545dc11fe7ad602dc101a325e2
8,average temperature in Turks and Caicos,23181082d4386a1a8447fe8fb4fa6ae7
1,can you refuse a fedex delivery if it's late,108dddbc35c1bce2ea1163dc36d06a66
-1,what is the purpose of brit milah ceremony,4046d86aba0600de7483c6b7ce1fef4a
-1,what is a lorette,011268b48ada06d6fd19f9253056d73b
-1,what is hematopoietic marrow,11f0cdfa58038239f23cfc398b6c665f
4,is niagara falls part of canada,900aa06e7fcbf3efdb2bd4bff0f81609
-1,regulatory sequence definition biology,94f16370c2f98b61a4808f808e99a602
11,is mirin halal,c433c4752fbdd0f9dccfced34f03c86c
-1,what are the group a strep species,d6f99134d00b2e294e883a2fea75ce9e
5,what is israel language,2abfb502221b82da052e43c7dc15584f
7,what to do when your toddler is throwing up,dc762335b10dfa3ce9fccad7f50a4f68
1,what class is a german shepherd,8398df4ef03c24b8686ce56965f0b456
0,what is the maximum compensation for unfair dismissal,9ad66ae2f4455ab32906f8f97f9f5f00
1,h1b dependent visa processing time,36b5beec105f205c21d39a39465b7d2d
1,h1b dependent visa processing time,97bde2da751034b74c619a333be858ee
-1,what is incubation period for pink eye,8a409364ea96f1f65eabc7f84a800652
10,what organelles stores food wastes products and other materials,44cdd0b4b38d4c8b751616f0ec4a9abb
4,"what is government island vancouver, wa",cfd01d0710c3a855802b093e7cce3f0c
2,what function do afferent and efferent nerves/neurons serve,c4d278822a30e930a52822b3d95f2137
2,what function do afferent and efferent nerves/neurons serve,ef9ad76fa4cbc39959c516271fd3b221
2,what function do afferent and efferent nerves/neurons serve,6ee821f937266d465c92ac1288cc5d0a
15,what does porifera mean,894c85574b9f53f53d338ba2f6867679
-1,are mack tuna good eating,213f62c14f0feafb183f1c65d22d76f3
0,what does payroll mean,fe4152f19218ac6a26c1ee19050cc9f5
0,how much does a surgeon make an hour,dc1a13742717738da28d472d8f8cd7a2
3,what is a rash,0e4305a3f4c67950ffd5451f4b65b694
-1,what is a major landform in east africa,2378e6cec3cd9c6b70e574a740967167
1,normal range thyroid levels,fd5f0703fab7f6991301bf2de7ea6413
11,how do you cook tilapia in the oven,4891b66bbf7e17917afdbdd5b6702568
0,how much to renew ohio cosmetology license,07e3e9de93fc1ed2835e53a2abbf7c8f
-1,what ethnicity is john schnabel,2d777a09e2444645b77b516eb7b14c22
-1,how did the environmental protection agency start,d9bbe736d4163330ddded072c3f76e60
14,what exactly is haggis>,7abaf3e5502ee21f8193cbf7cc062bef
14,what exactly is haggis>,f6d803013a8874d6c49df20663069658
1,how long does fluconazole stay in your system,98c36d70ec12822db03da09ef70fad5c
1,how long does fluconazole stay in your system,139f7d0fb90fef99e1e66f9ea38b2dd9
12,A group of organisms which lives together in an area is called a,031015439a491dabec1efaeec989c118
-1,example of famous renaissance literature,c4d91d8ea673af6e682bdf37b4d2cd46
5,what is the origin of the name yemen,9a84d9d9a7b8cf7b0ca60abd3ec20888
0,how much to renovate a small kitchen,e2e8f85129daed62853eb44981315ea7
-1,how long does it take for meat to digest in the stomach,9a386be72451baec3579781be7451a4e
0,average cost for anytime fitness,f7b9aa7272811c1be38c39be8c38dd70
-1,how long is a football pitch in metres,a339e25ec168de48a513ac8220c38c77
5,where did shinola get its name,cb2137eada081c0c0d25be704bf454c5
-1,did us landed on moon,a5594cd06569574d0faf859d88768e11
6,what is a buyer's agent,fae3d42400b9997f6abc3fa4636e885b
-1,what are packaging clamshells,55f3a1d3029a294168df89ad521c50f9
0,what is maximum solar flare,bb5e86ca4718ebcafd3d36b4c0eade9c
0,what gpa do you need to get your md degree,13d6e037bdcd5b2d15b3aeee325f6016
-1,who did odysseus see in the underworld,1f2a1fc1662fee18b6c2051a5cf629df
-1,who did odysseus see in the underworld,6c411f4daedc90c922aefa422dff0fdf
-1,hyperphagia definition,fc70fd21088e0f57519738193cd12e47
4,what is the kaieteur falls known for,b1ac4b6c7ad26ff2d80716131184d607
1,where can i buy a scale like doctor's have,eb4bcd01063d1997d8e0ceb232cc4129
-1,balbiani body definition,1933a026e1d48687c3c21b56b439528d
9,sedimentary rocks kid definition,18c9b72eecd62ec79fac9383944e98a2
-1,when does mercury go retrograde in april,31b7e4b05961de8098200e1be865dadc
-1,purest form of honey,8b610beb92ed169a314932ed5887ad7c
0,cost of beagle puppy,31315130b27620da77b6cc9f581d4ed3
9,what is granular material,ec07eba3a4ce159118ef7139096329bd
3,streptococcus anginosus causes what disease,b7b08a191cd3cbeab1c74407df655530
1,what weight do you need a booster seat,9a35a26ae2a81253f6a39836ec376bac
5,what does the name symone mean,bf111cd66e5905fd9edfe20e0e57fd4d
0,insurance junior underwriter salary,1077962066acb3f1dd6acea875a7b5d9
0,cost of adding a bedroom and bath to a house,a5cac51826fdb59160c5df6657d00307
0,cost of elderly prisoners,ea9416d9275a55c3490803b4ef96ea57
-1,how long does it take to heal from a piercing,f8b9e1696bcc0b04b92ce57b20038687
0,cost for mastectomy,fb3d118d569d467f24df3557d8ded544
2,what does the brachialis muscle do,105db2467e04a841004c6c81f0c3fdf3
13,downtrodden meaning,771eb7073e7118715929b5eaf3d96e72
0,what does a floor tech do,01c041188ab42eca24745496794667d8
5,what family is a gong in,8b0dc176128fd1cdd72807a291c5279c
0,denture reline cost,4a0a12d9cc19b5453206bae4e05fd546
6,what is virtual net metering,78510aa5ca22c345c6a12e7d28ab3dfb
3,active tb symptoms,391cd8bf853d344eca8d60336311771f
-1,did the minnesota twins win last night,69d1370c7044a9f6f99f6b3c14139155
-1,linux how to change directory,05d12c7988d2e84f25fe05cfb87a9c21
-1,acre definition,28f8d7399f9dcce85a879efd614ad197
-1,hours for montgomery county libraries,e8aecf0205467685a56c64d0cc669699
1,what is the difference between weight & mass,ffd06f9f3d3febbc8d7eaeaad482298c
-1,what type of receptor is responsible for sense of smell,78663059b8530428f9fc709913f082ec
1,what is good eye pressure,156e263aa1b4db6c5483523775e5578c
3,what does it mean when a disease is eradicated,4ce31eaf15e3d1945fa19c93ed9158e0
0,can farmhouse sinks with laminate countertops,e595423cfb93dcf5d3e05badc1404200
-1,partial toll road meaning,a1df8d697165f67f325bfdc834affb53
-1,Which type of memory is used as the working storage area of the computer,7573ea9b41a431f610761271dbcaaef4
2,what are the structures involved in removing waste from the body,c3224255d298f2c6ede4165744400095
11,what did colin fry die of,b9b3ae55c9dc39a69d23bcdd4e1c46a1
0,how much does insurance pay for assisted living,afd73a8e682035d957e8aa8e4a18ff04
9,what kind of toxin is Cadmium,7c1679f1eb473ed4e4f72e32baadf857
-1,is there radon in ottawa,85cb8a3614f9c95ec60a71f2ab401605
0,what is centennial college known for,d6bac693829c799a4dbf32ebdf5040ac
0,interior paint cost estimator,1b14a303c747b071d2e7eecedfd6b4f0
8,laptop cpu temperature range,89e9d3f9f6da491245f6ab6003d28edf
13,definition of valid,e23f09d3348b6aa22b6aa17bb04a2b0c
13,definition of valid,e2d60cd13e2cc4a6a6f7c3e321b861b9
-1,what is a group of tuna called,9a2d667b72b62b1c08f53eaf1d5e3055
15,what is ceresin,f975970c1f84fedff863d15b948c9f72
15,what is ceresin,8219db567a44c186e1e00eb07d47839c
-1,grape variety from italy,d646a8950c6e18739b92b5cde16178a6
-1,grape variety from italy,1fd75e774dff9b8ca6e9a06bd53a20c9
-1,what is a virucidal,0ae8d274d6d37a67adb3130220a5cc49
-1,what is turquoise made of,9a71e60ba588acca5e18b4ec19877afa
9,what are radioactive elements,70ac7b26d41f5499c8e7cd441484b076
7,most common genetically modified food,ac9dd5fcee41c5afa4e4a6e1b756cca4
8,average temp in maryland in april,e9632875209940677f7bad401f50ffab
-1,how to print list of files in folder,be8204e5e4f09c1e83ccc702ae6b399b
17,what is the date of emancipation proclamation,a9614496805e9c69d85f5190c274d3d3
13,human rights definition canada,5bd6e0ccfaa2653c7840dc3354d65cca
1,how long do dic benefits last,5cad93e41fcc37e4967a7d9d257a2756
0,crane hire cost,141e4ff358277501ffd396738d9e99bf
0,can you claim solar panels on tax,af3f6924c8939db8516724f1debc1e35
7,what does mannitol do,41c2d43e1ecceaf1950d1dbbc2883d03
9,definition of polymer chemistry,bce38ccb6c24f2c87d14706f0fcfa30d
-1,where is an oberweis located,ea497d4f9a89f05f33769ca0d872948d
0,wetland scientist salary,96ac05a4abf318b3d44adb718bebdc07
3,how do you know if your shoulder is broken,a7d2fc4a758c9b58f1f00082b33166e3
-1,what is the typical distance between asteroids in the asteroid belt,e3998534d02386822db36e461f286485
0,what are the requirements for a registered dietitian,84f3cf7c90161f75ae817bfef8865a5c
5,the petrarchan sonnet is called by that name because,621e0216238d3b6d733d21174a457a6b
0,gdp per capita definition,2a0db8e06e235263fd168aa200e8406f
0,nova tuition fee,eba7afdef8b9f50e6bfee9731c351c73
3,what makes your fingers swell,d0bc5a5b41aa7363dbb84de6dcbb0b90
13,third amendment explanation for kids,cafcbbfae4ae2ed9214512669ae30aa2
-1,what is estrogen dominance,84b6b6cc98bf74cbb5ef61c5c0d0fe8f
8,temperature of boiled water,b7d05dcd95974e1491a6b71490f6a325
8,temperature of boiled water,aabeb6e8e4ebfd6774e787ae561c1beb
7,what does a gluten free diet mean,2db07175badbdfe0ad3e03f543836f95
-1,what is a tsunami? how are they produced?,73ede4f5dbc0e469d0624fb235041c4e
12,why is a mushroom called a fruiting body,c9e7aca78239838e9f1e469034a451f4
0,how much did manziel make in nfl,3fa6ab60a11993eeaa45183f9f42f3eb
-1,are guinea hens wild,11f5ea1bacfc090c2182add9e58af956
-1,what is the main spoken language in china,d2c406250ec042a44ef2f6358dbac288
18,who wrote the book who was thomas edison,1b0584a8f7f774fcabf656bf78dc088f
18,who wrote the book who was thomas edison,d4aba50d2c377ae1357cc1af71285146
-1,is birdsfoot trefoil native,f5a78e97f527d69323ed2e00c15d5dd9
-1,how far did the ottoman empire extend into europe,06a1ec58144d5cb5d67687332791a798
7,what does the pancreas do for the human body,53837b53946f5c491dc370087e81afd7
-1,is river thames a estuary,4f24bc7d18028e30c62bab3c507752b8
-1,what is briwax used for,64b0d21f8b44f8c8a308a0dbac3cb90f
0,how much does a teacher earn in duncan oklahoma,ba06c9ff5d95a63fabb570efa7895c1f
-1,rabies genus name,75fe5d85d318384b3e31a45927b57a62
18,"who, when and where did cubism begin",e721db2b469bcae22e99d10baf22d64a
-1,"who, when and where did cubism begin",9a3acde84f28056da4451ac31fedc9aa
10,which cell type is most abundant in the retina,0a2c71d2476c5b1d3993a83a5c3d2196
1,who invented the vaccine for smallpox,2c9e6f8d69392a6c000d683a6b20c9ec
0,bail bonds agent salary,528c8bf7c96b3a4e1599dea734887dff
-1,why superdelegates,b04bedcd245cfb0e5163df54b4323430
-1,how to make yogurt in the dehydrator,aa73ac91693b14df825f8bb95fb79dcb
3,what is hyperkyphosis,8111f724900740d5cf5bc1734f9b62d5
-1,how fast do mud crabs grow,118589aca8027a0913166de03deee9af
-1,name of truck carrying breakdown vehicles,27bb641ca8f8734cca6a3727280a23e6
5,name meaning for dahlia,baae6f3095a61f4131c3f119d6ece04a
10,do plant cells have centrioles,c9ad13ec8dd8b1c93f8aee61f3a3db00
10,do plant cells have centrioles,bafa74c73c1082cd29645fd54cc7e103
-1,what does I olfactory do for smell,aec4741f591c22cc8e8afa066e7dacd5
-1,who is howard carter,60060d895bf8ba9cf9011b0881f53f38
16,what does chohan,90fe8c3e3df11b44a11b3683cb5345dd
3,whooping cough bacteria name,a03e25444cb57df519d6f9f7bcddf1c7
-1,definition of phycology,29583aebbb684ad472159b0f2524a23d
2,what are the boundaries of the superficial inguinal ring,0c3c9d853875830b898865359f2a521f
-1,what is physical deconditioning,4bcd0e345b9d7949d2a1438ed5d5b618
2,which part of brain does what,44fbfce07c283f332e6039d70764516d
-1,what are dragon passes,00feb55f2f5da70201f14b602af7cca6
1,can i sue the school for not letting my daughter into prom,8968a1abaf65bd42758aa2488a8adc82
5,what does the menorah represent in judaism,76c76215f8120b9ad651de0bfb04a65a
-1,what is meant by a displacement reaction,35c7ea290303394e8af8ee9eb946a598
12,what does it mean when tree leaves curl,2df9220e182a4750f029d1d7b099b932
1,Synchrony Credit Cards List,f24db7ca7eeeb1809c1317bad2e22ce2
0,how much does uber make per ride,d17b612da014b39fde6fdc6d3e67a534
3,what is protein deficiency disease,8c6d9d597b4d9663ab009f7c1af88ce3
-1,where is wineglass bay located,38c8f148968c33847b40c408ddde5a5b
4,where is wineglass bay located,bc9ac27170b8488c54d0639e279764bd
-1,how long till eyelashes fully grow back,cd7c14e05cd3dafc0f4a9403f4896299
6,what is a holding company used for,1ac23f45eda108887a3673b5551970c2
-1,where does france get its oil,56794920bb7b709880bcd3029f48c1e5
19,how long it takes starlight to reach earth,573cc79a463b6188818c48022598694c
-1,what is biotin deficiency,1908104b1c8ce21f98a1f0e87be8b463
7,brat diet is grits good for diarrhea,4c6fc569229743ecb8a7b6e8a2f3c916
7,brat diet is grits good for diarrhea,024e597e2b16fee76b360cfff306ce2e
0,lil romeo net worth,16772e52501ca373fed1b8c428e0fdb3
-1,what is a pilot rollout,c6b32a69863c61e547d576e69900b5d9
7,good sources of monounsaturated fatty acids,a23f7309a5a90fab957e28e32746e14a
12,who is affected by salinity in the murray,caa16470cdb5a44d7a0cf82f8a7aa219
6,what is an Promotional dealer,68ddcdecf4ba21d66c3689107abbd864
6,what is an Promotional dealer,28ae6e490b83e7dd052f5539f4834254
-1,Webmd is melatonin good for insomnia,92ade2ad28b0699c8243d34a5c21c066
-1,Webmd is melatonin good for insomnia,d5bd77f5e118d5211e892c8936375393
15,what is curcuma,0573952501c923e0c5bd22fdfddfa091
0,how much cost for concrete driveway,6b4022b81782a130d7884d3d72c4aa50
7,what vitamins are good for rheumatoid arthritis,1d035e181b0c500dc0b4723098402fab
-1,what can set off an alarm system,4c34c703106b3afcea9b2ee532ca7046
5,surname ford meaning,6ae0e71914ef59b28cd6d4beb38c5f92
11,how to cook pork loin with crackling,11e57dd49e063387de990b6ba3a45ed8
13,strict liability offences definition,477c0e730b339a1c7fb264a0cae22491
-1,can meat be defrosted and refrozen,a1ab246172d03d5f869517b2dfe5910a
0,how much does a good router cost,04d189e9cd02dbd186f75fdb94f8a02c
-1,when did we go to the moon,9d390aec3d9c5bc95f7caad54240700c
-1,difference between prediabetic and diabetic,f3e28512d04655da40d91e23b90ff886
-1,what was really the goal for equal rights?,7b95801c82d40008dd5f12def43e52c8
0,average time to get a college degree in us,6772ff486c340406ba561cf9bc0209ac
-1,what is lymph,ea9f218d309c53601898ddbd61bfb5cf
3,what illnesses does novobiocin treat,43faf6cf3067f463711206301a110e28
0,how much does it cost to drive from michigan to florida,ac6b76fd79a2dc421d49dbeb990f2912
-1,what causes an erosion,970a9ec85730c5aedb902845b9eefba6
-1,what is the mean of occasional reactive lymphocytes,7c9a49df023755a34412f52ab69c49fb
16,what is macrobid for,259ce8609f6ce10f8565b0347e5af5f6
5,name that means taurus,b07d3358e84a392bd0dc89eff52fca1a
-1,other name for phenazopyridine,cf289ec8fb532137e9ea5beb5d32a0e5
17,why is dystopia important,b4e2cb0f074828c89b423e7b53857154
6,what type of bank is barclays,3f8b3c1b79b9f3ea2febf9d89a864e11
-1,what is dmadv methodology,12a4cafecc05afad3835c51f0ce24ba8
-1,what does mammal mean,597ce1ed0c2bd06b469453cf7cda3924
11,average linebacker size,8650de1a0a0feef6590dd433379b8dbd
19,how much time it takes to visit taj mahal,2431cfe1c55df9e6ee3688a2f7fc933a
0,cost to install bathroom exhaust fan,a7d8fe75a41d9cff75a47a28a2b3dec8
0,average salary of podiatrist,40355eef8a888a38144107ac2e251b14
4,where does the narwhal live,e5d04250df8476ed46c43d515c426576
0,do i need an subfloor with sheet vinyl on second floor,79fae914a80791a9af906e4821a52513
0,how much does it cost to go to harvard university,6857361ca883988889dbcc6558f97912
8,average temp san juan december,3688d0c0242ab12c898fe240c5ca772b
2,which types of freely movable joints are often found in areas of the body,5c6cc75509f00f46ecc053e05ffb5261
2,which types of freely movable joints are often found in areas of the body,a82cf27b6b109c85f181bccf40476c0d
2,which types of freely movable joints are often found in areas of the body,9ab90697ccc50f71b1a199557a9c4875
18,who and when was the lightbulb invented,b29a91bbe27fcb81b2e39035b9fdf711
-1,can i put xbox saves on my pc,8b69163d1f576cff0ff832ded694a87b
5,what bible does the catholic church use today,5305d1a8a992aab8723d33846c63d10a
-1,how long does it take to get bigger muscles,bce48319ed18e701eb54714651d18898
0,course needed to become an anesthesiologist,7029ef904e072b27cdb865aff7f21d34
1,normal blood pressure levels by age,2190df64b3fb245c3c00fc2bc116fbd3
1,normal blood pressure levels by age,9f874fd58ed6356b5358137b05908c93
4,is crete island beautiful,47e0d0438e2dd6243a14ebfaebc7678f
1,is there an age limit for learning speech,d61289d462d3425927f1c18e1eab3767
12,what is a fungi,61ccb8049de6aa2858a93854e85c36a7
12,what is a fungi,f03dd26ee7c4b13369b7c072c1723716
2,what are the main functions of circulatory system,33dc06dff987d2234231b6b765f1df7f
-1,who coined the term jazz,709c3f197f61c8139bdf4e6b9480075e
3,how many pages is each part of heart of darkness,b06572c8e69a601df7b2c0c3cbc36e00
-1,what does the pituitary gland regulate,776f77df0da8a08fdc46740310a95ea1
9,what are gummy bears made of,5498c1cc5a72a3c7a86f23287bc63b3d
-1,what are padron peppers,8df8f831b3bd4169bfc5816975089347
2,the bicuspid or mitral valve is located,24a34adb4563b45a9138fc9bd0565fc3
-1,intravenous immunoglobulin pronunciation,07402df9382b0ef839c0c0cd724508e9
8,weather in prague Czech Republic in august,77c6a7387d523f86a21fce2a735095c2
-1,discrete and continuous variable concepts,6190c3b356d21fcc491bfe820a2ca33f
-1,types of harmful greenhouse gases,08dd734f2cc8eb31628c484eb45a31b6
-1,what are genes biology,b5ce71cce0cdcd849b56aec82a82911f
-1,what is lithium aspartate,f428685ab6e8f5bf5281edd94b4a0170
17,reasons mckinley was a good president,1a353c958c5fe98a204204534bad18e9
17,reasons mckinley was a good president,ed32fb4bbb507708252a46ae0eb88727
-1,what does a moon tattoo mean,43f62489f91bf237b4f7e1ce12c9d95a
-1,what is a brewpub,b9130990d14c5d8681a1fa820ca5b70d
-1,"side effects of super colon cleanse, health plus",0b958086a2305573d9cc122036310d38
2,Neural tissue is formed by the,e3f443a7e169bdcccdc0b8323a3f01e0
10,what organelle helps with muscle contraction,c62952f70cf704cb8865d84960a082b4
0,james brown net worth when he died?,622588de8da6f6523522cd25ea6f24f7
-1,how is bauxite extracted from the earth,1004275c278f86d016b7417ff0744293
-1,how is bauxite extracted from the earth,dcd84adcc421c46b7f1248d5f5360eff
-1,what are noun phrases,0738db65001efec7cc6a454f0c1192bb
-1,what is nok culture,aa1d26ce3543b83a1acb03da3e535360
-1,what is corundum used in,2bb2d7a99107fa629439be113fa23806
-1,how many seasons of the wonder years,2e01b62712b42cf9c567e3a6ff73b38a
14,who is esteban movie,96c5e64078ed9ee7646e1f18979fa56b
-1,what constitutes implementation,8f3d83d94c1d2abac64586bf8afce5c4
0,when were water mills mostly built,361b0eba2072ad3413e8edb10c70dd34
0,what does it cost to replace a air conditioning fan motor,25c5a9014990ab05b5ddebb0c3f561fa
1,what is biological age mean,4592dda1e6d53f8efbed8572e958fcc5
4,what does the eiffel tower stand for,5f42126e948b28f4ab56be3a66d02a83
0,cost to fill in a pool,287add7c34cad23f5b84af7c7421a820
11,how long to cook chicken legs in the oven,710b0375810935b4f7f60e67cdc58a9f
-1,what is the average words per minute a person can type,29aa4939625db3ae2683ab920cb35d6d
3,does osteoporosis affect cartilage,6c1b74976ef64bb62866e69bc44e5d1a
0,how much does it cost to have a personal trainer at gold gym,f98598ec7dd8c5a36fc1272211e33cdd
0,how much does it cost to have a personal trainer at gold gym,3795217215870ec12174db4f930fe600
1,what is a normal triglyceride level,32f6d31d3b9338800fc34f99a484bd46
-1,where did the term bbq come from,e31b16cde203fbc83f1f368bb01b5f5f
-1,when was the steam engine invented by james watt,7b3d3443110394f7905bc9a4e44d0b6e
0,how much money do personal trainers make,f4471db76fba9aef78253de65243c072
-1,where did gloria vanderbilt get her fortunes,16a669b70d5de8d549b2b5a1b634a7dc
4,what does the sydney harbour bridge do,b5d56fe45c40dac8812761f0b3fbff16
-1,if you have to many roosters are they good to eat and at what age,34458477ac18fbb7c05dd2a96f80a20e
5,what does heritage language mean,690e397d84135c765b7e0092be842572
5,what does heritage language mean,a609b07b6e68a328d9ed95e9f1adc60d
-1,what are platanos fritos,b9f86fe5c98c3d7218ff63eab7bcfca2
13,synonyms for make believe,ed05699223ff0aeaabd1fcffc6c6f882
13,synonyms for make believe,f5595c12c1ab9257d138336420a5a840
5,origin of name vera,aec322afd85e60467136b4efcf1114b1
11,at what temperature and how long do you bake chicken for oven fried chicken,3b2c9af9b72783facfcfa7f855a6d323
3,how do you get rid of a crick in your neck,9c1ae43b15152c0d7fb1a7dc53cff2b5
0,average price per vm per month,5134496699ff2e544af6fb3decc88cf1
4,where are the maldives on a map,7b28bd4be6b1eb1b5f77f176e6772e7d
14,housos vs authority cast,c1014bc57cea3de23fc5369746af0276
-1,what is the closest airport to berkeley ca,6d21810c1aa58555daf493d4d147adcf
4,which type of tides have the largest range,da2ba685d9d4afa687369f779d4f5d46
-1,what kind of skin does amphibians have,cf421756878044cdfd3160f5639b3aa4
-1,what does tributaries,dc2d751d5d76c0b72ad854700033d556
16,what is bord na mona,98dc5758e098f60927b55981004a3e5f
-1,does of counsel mean you are not an employee or partner,e33ba2a0b3150285a7cda5a79203f5f5
0,average cost of new freight tractor,9b9588e5f9c402e6e787c7a968ce0998
6,what is a mobile broadband device,45c8792de615f3df8f6979dde314e446
0,how much for a solicitor to do probate,e684a32fec9dab78fa80e6c6903c8cd6
8,how much alkaline is in nestle water,6a7669bcd03f60a73b5d98ef1751c02c
15,what is a telecine,da5170d5b49d13b618e0ebace87292d8
-1,what is steve irwin known for,4b403b3b350c2af025ae2c92ade7d28e
12,explain what is meant by plant like protists with an example,c4baa123fd5b3c1bef4c355ae06c949a
0,what is prime rate mean,5abfdc1923f06bbb48c2920274d04f29
-1,what is a counseling psychologist,1cc05bba2c1d0327e29978d681fe62ea
5,jessalyn name meaning,0fb587ebaabe4961f6da48be6d1c0f41
0,average salary for assistant company secretary,3c4d5187c91365c68890c531a54b4c69
-1,what is the dominance hierarchy for bottlenose dolphins,c6ccfd261563c83a650d037ed18cc037
12,how is Kanchenjunga formed,be13e7e2642fb047c130f9931e9f3ce2
-1,What became known as the containment policy was written by,35a6ccd69588cd72fadab9e530a50da7
0,average cost per acre to grow corn,f6d777e7334725a782dcb351c6b114f0
17,describe two enumerated powers of the president that influence domestic policy,28b5b722bbeb39771879ed1f9da7275d
0,how must does autism cost,0afb66ac4242fa3b6452d6310f18c3af
1,what is a excellent credit score,8cdd148c7bcd3a5954acaa585c87ba8f
1,what is a excellent credit score,ed3edf6af7ca0b2290263239e7cf697a
0,cost of driveway cleaning,2bc500ff1a6ff7fc02c37f4b25e58f9b
0,what education does a landscape architect need,7e59383db5fc30b055e10d5bcf832baa
-1,What is the average life expectancy of a refrigerator?,154954e47433f88ef8a3177d59317c57
-1,how long is a volleyball game,2e20be0dd783ba8d8b1eed58b80ac5a9
-1,how long is a volleyball game,5081a5ff3ded32c228c3f57d83804d55
1,how many weeks pregnant will i be,fab2262b0efbaf2a9672903822d617b1
4,which is the biggest ocean in the world,c74ef49499533487cec2fdb9bd0826dc
1,what does gpa scale mean,a0e51e01b0f9eaeede34a01c1a57a3dd
4,where is hatfield,332e80f9765f57ce5d43a762e9e4da62
8,air temperature out of a data center,0df4d7005e67cf3f2fbce4d5d72ed911
-1,what is in heineken,00d3c2f8b8088e09f435b2ea5f115f3e
3,how did you know you have tapeworm,dc81bb1f1da2dc4e1d18757ed48bda42
0,are investment fees for roth ira deductible,bf802507b68a65ea69b4c44511cfc6f6
7,foods bad for underactive thyroid,1bf8516ed3b7c7885d7f983e227d4fa9
6,is it safe to reset smartphone,5809302c6da4b5cbb8eabbd9b2243eb7
-1,is vestigial wings dominant or recessive,6c59619a9c1bb914a321002622c968bc
-1,who coined the term teenager,fdb578242f895a03486b2291cd589f5c
7,what should you eat if you get calcium oxalate stones,f8b8d8db53b8c50579d4fb37670b5e20
2,what are the lobes of the lungs,0c4ae71fc6468ca11a0b444164d890b3
13,what is violent crime definition,f0faf42b718bb499a7b1191daaa893eb
-1,how many spoons of sugar in tonic water,56d9fb95e0b0ab1b7c486c49375f97fb
7,what are the benefits of cactus plant,d4b94320dca8e6ec99a5833b1c6645f3
-1,what does DECO mean,b2795c8295e65b5902ff9a8bb0d51ccc
-1,what are crosswalk lines,cc2837a133296afe551e0a637830195e
-1,what is speech therapy,b457bb8cd8ebe78abb2abfffd4d56edf
11,how long to cook cut up potatoes in the oven,a2fa9849cf9c5ccf250a4a170679807d
5,meaning of the name shephatiah,e21aad13dda84df6661f48f87ef58b78
1,how long do kittens nurse,e51ffc5748fa2c38ded2938558686974
1,how long do kittens nurse,d7279511d31a2fe0b0c1269fb7a89ede
6,how to switch on zune player,3c44bc45a89207dcf55f353a4e87679b
6,what is the role of business manager in investment banks,01458b18b27239ef432459c7049b7491
1,ways to tell parents you're pregnant,f11a016da611ad8c5611be6f6ee7d951
-1,best over the counter medication for cold and inflammation,e334972693d006538ad485a01d779a16
0,cost of a do it yourself divorce,3901b8b1fb8aa049e4bbedef3e373772
-1,how do humans affect rabbits,50d4bb5344ef71252b7b82877441187a
-1,shorten links for twitter,7e8cb324df9a1e20513d11c8e79c9ead
-1,what is a zebra mussel,0784ad0e3e937c11a866d837d790ec91
-1,what is a zebra mussel,b10a46c5659219d905e308085a0a0abd
0,how to build gravel pad under concrete,1612a49aba26114233c9c6a55fca9eab
-1,how much protein should you eat per day,ea5f5d8ca3f2ebb6aecf53718554995e
1,when should hcg blood test be done,e9df44f37571e3d5ef7edbf18606c925
1,what amps should a well charged battery read,e6ade3bcce3cba3ec581d2bf7f733210
-1,how was the alamo gulf coast railroad started,f6b4d79552b8e6c8324b2c225e873964
0,which brothers is richest from jonas brothers,b111c489235a7d2be13b52a4193ca7ea
6,what is computer VMWare,76363d7efaeab1015ee138b2e7aadede
8,savanna average temperature,49da01371b942dbf23984b107f70cd67
3,what are the most common infectious diseases by tapeworms,b249c16897645dec5c2a915f1eaa3506
-1,what focuses on the development of psychological tests,191be25d8a84f9344d7d809d893cfc7a
0,cost to wire house,d8976e440c26083f76c8bb7137f18059
-1,what is the role of carbon dioxide in the krebs cycle,c3a0d56c4abef4931bec5d4452480b94
-1,what is enfj personality,1e86270ce7fd4d5574ffdbe3ec160016
8,what room temperature for newborn,9168d635b5c76611ef1f8f4a2d01b263
11,how long can you marinate a whole chicken for in the fridge,341d0ffe0ee8d9fa9774b3e3bd9e49b7
-1,what is ginger tea,10077ba95a09139e9f679e1c32d1a55b
3,what can cause hiccups daily,57b7e187267e852993871ee2c3bae6ff
-1,what is a learning log,22b862c5222284593e4e521441cc76f7
8,correct temperature for chest freezer,df72431b76ab30057edef83b62af086a
-1,what does a chiminea burn,367cb186e6aa18babe725077c00cad73
9,tiger eye stone definition,25fcea9c35e0ade5b8f6087b3cf67860
18,who wrote the song cinnamon,cd81f1ccfd1c395cf575b12df1a2c608
11,average size of oven range,4cbf6e42352a039151e1e0055ab6ee52
11,average size of oven range,414a82b5aff06fd77e690d5b85f63542
0,is ira contribution limit is for both traditional and roth ira,9f545ddb3b0691525f8b46654ab71842
-1,what are antibodies and why are they good,a24eed7a70de2035b019ae514de5f36b
-1,is polaris orp company located,b3cdad3ffcdd1ef62e0807b5b03ce8de
17,why was the emancipation proclamation important,337da7ec78ce7cc0cfc4e2dc355ad155
17,why was the emancipation proclamation important,9b6b5535f2bc0d6d1984ac065d017bcd
10,what is centricity software,5407cf6e1db25f444f20f5db7350def0
0,average technical recruiter salary,44f9dec5f5d7639cd92b49d30afd9391
4,what is the island called near australia,f9908f3a7e23477dcf3f9b5c672e4ff8
-1,what is your personal context,368e44e346f2e195dca09d0813227eed
4,how tall do sativa plants grow,dc2e645a8d2597ef6bfb5fe76797d8dc
4,how tall do sativa plants grow,f6a2eac63486133285a2a3b7aaa0bd68
8,what should your body temperature be,322c3cd944946fee3e60850d247cdff0
8,what should your body temperature be,131680bdfe99b5bb27ee3d83c4e5109e
6,what is a company's remote environment example,e98207ea58d543b443a10ace9ca18158
-1,what is an sma,5997b385cece65ef3596c6dc651b6065
0,average texas ag teacher salary,05bf09063bba7762f2ce4192ddc589ea
2,what does the lungs do,055eca2daef86d0fb96956f4419b7f6d
2,what does the lungs do,3b8bfd8f67d24f3ad57baa854e7e6f5a
-1,what is pandan cake,6cf955c3c6db204ad270e66e104e259a
-1,functional dependency means,582a29de3cf1a4fe4bb86d995cb33e5a
1,pruning pine trees best time,b3b32b1621cef815ccb5c0213a256a0b
4,how far is seaworld from legoland,4096337f5c41f8cfc838ad87745af567
1,what age is someone exempt from measles,5b8ea7864ec6fb2cc34ab238192e4695
9,is an igneous rock a compound element or mixture,8b19caab94b48dba495a66e63b212762
6,what does i o device error means,b64b8822dbda18246771c18075beac64
4,where do kangaroos live,9cfc131b5d9180452462747c27dedec0
-1,how did the end of the treaty of versailles affect germany,3b1819f29693b4e6fd0be658dbc4adc7
-1,how did the end of the treaty of versailles affect germany,9549863580f638115c5fded1f1dbf9a0
-1,what is a lightning rod,fe5e8f6d2eb1ee77b4c5e7363bac7e60
-1,how many grams of sugar should you have a day,60b1a5931148350a54450d7c32ecb752
16,what is methenamine,755570fa448a35e7b3cb32086f407575
19,shelf life for ground beef,af6ec25156e6c10347e1726c5fa16fc7
-1,according to stalin what effect did disobeying the pact have on germany,27b1ccd661b5db9eb5ae2248fbc4c54f
1,how old does a child have to be to sit in the front seat in nc,63212d49168cddbdaa70cd3adc1c915a
-1,when was carrie underwood born,8a53d046e5cb15245e8ae7bc3c1cc20e
6,what is renewable energy engineering,3d82acdb5afd850aa4954d6ef1c27a94
0,what does a associate degree do for you,9a1f2437e159892475387eaa1978f42f
0,how much does a therapist make in canada,6b3a5956b8808538136321bbfe5c941c
14,blood disorder thalassemia minor,1f699f7875996e582b7dec39eb6e3430
6,procurement process definition,76979eadffd29b36bd35d515e432d510
-1,what does sintered mean,35511f8f3b17b69777ce55658a85b717
-1,what does petrified mean,c33d4c62bce34d977286aba5d30c83bb
14,who does martin truex drive for now,cee748e40cb43a7c44a525541486c956
0,military family life consultant salary,58ba4810a7c8dbd24b2181b77fc05314
-1,what is salga,b689a05c2e40e19256b7c2ca4d758cfd
-1,what does SOI stand for,7a90462e7061e7298a82dc3b67c6fc96
6,what is commercial awareness,c0eeb3fb091806588b7375ba2a15d191
6,what is commercial awareness,3b085793be027e3e0b8d72740a51a08f
-1,explain what is meant by gene mutation and predict in general terms their effects on gene expression,cdb0e778663dbc69240a4053fbafbeaa
4,is shetland filmed in shetland islands,4544d283178b654d625cae4a412710b6
0,average cost of an oil change,108b4e0d5e175100456da9f88e402524
2,what are the major neurotransmitter pathways affected by alcohol,6502b6343fe3e1b139a9b5ddbadee790
2,what are the major neurotransmitter pathways affected by alcohol,d07ca37e104b13866991f34f6fa2591f
19,how long does it take your body to go into ketosis,07cdd292de72b4e066d838c78ea4ca3a
0,how to calculate fair value of stock price,f008415687349b641462de5999df8473
19,what is the average life expectancy of a refrigerator,e59b6048c26c005c027dc6503b01b003
0,average price for pella windows,b29c2b74ff0d601e7a963a8e823c97f5
0,how to pay hourly employees a salary,8eb4fed2f6e649774cbbb361241b8ca0
0,how to pay hourly employees a salary,c3faa688b2706a87a13fdfbdcf69b06f
9,what is elemental carbon,8bf6ae7059e8f4a9887ca447030b9703
-1,can you eat a rabbit with myxomatosis,372702693b828eecd4a96d177e79a9ac
1,mcdonalds age requirement,5e04fc267354909d77bda77f2fdef9d6
0,how much water needed for cooking and washing,3ce4a01a1f7096209fb46454925941a6
0,cost to replace water pump in car,805c5ab396fb2b0a5c9cfecbe2f7a115
-1,dog cooling pad what is it,7de6d22554231eca8938bbfaa0fc8c04
-1,what should i do if injured in a car accident,4c439b44c49ef347679a746213b92353
-1,are muscovy ducks invasive,b7c6c007f6e4f7551a39c5e1d76533a6
0,how much does it cost to get into the university of texas at austin,a0394784e55adcbdc2399a6ceb6bdca7
1,how long before amoxicillin starts working,899c7f28f6c0280b1f384c5ab1aa75c3
19,long term damage from oil spills,f9aa7122f2c4c2a8ffcc4728756ec5d4
-1,how long does it take for surgery cuts to heal,a2e1b7921188346d4e19ee61a2aca2ab
3,after you run why does your side hurt,988f927ebab57c33b725307966994747
0,what does an average dog watch system cost,8aee634e9078caba122e25dbe43ce308
1,how old is rydel lynch,4f3c35ac1c40eab43bc694fd79e5d254
10,what is a ribosomal subunit,bf12bbec6162ce17118c548536f2f5ab
7,common food allergies,63c697f69fa98ca9906c66e1cf0906a6
-1,what is threading,83773eea5b041a8da1533df0ac504174
0,is cancellation of debt taxable in north carolina,42cf06c118d051ff9aca2044c5f3169a
-1,Subsurface soil that remains permanently frozen is called,cfbc423fb73ed8c8d2b97ac0bb128431
17,what type of democracy does the government of the united states have,442cb32844bf381defb519d4500688af
-1,are oranges a good source of potassium,02823b2e29f5b77aa32b0332c31986b2
3,what causes pain in muscles behind the knee,ee84b320d0117739e6fb483ee6252041
3,what causes pain in muscles behind the knee,eef688ccd6cb32b5a8151baf0923f83b
0,accountant approximate cost,9ae07c0fb82d4601599663f90c099c39
-1,how do we encourage public transport,6daae203920a062e18a823d5478161a4
-1,how do we encourage public transport,105d77485f2d72726983d95ee9d5b019
8,what is thermohaline circulation,83f2bba35ab010136afdb1237d4d2a15
10,cell equator definition,840f99324126cb0434fbab870d9bd086
-1,what Bacteria is in butter,671ad1e284d6220543fcb6cc907091de
-1,how prevalent is adrenoleukodystrophy,84844070dc4f4c37132120cf7bb02e7e
1,alt levels normal range,9ff554b8fcc28673fdb34beb0fede43c
-1,what is Pulse oximetry used for,5276d10d935a36d2decc28798f6875d6
0,how much does onecnc cost,a4d46a2adcdabbc324e68de3bc1522cd
-1,where was amy winehouse born,a2d546d41fbfe54b15066a523623f04d
8,what is the average ocean temperature,8b4b5ff1087a2af9482225f74a422d2b
18,when was gasoline first used,7769efcbd35b2c82015f604c063cb106
6,what is msg in chips,3ed6c27f6e8846961b2ebc5edb788b42
-1,define jargon in literature,ae79a7e3c96685cedda75c92ce64cb5e
-1,do regular carp jump out of the water,446ea34b49a69583ccf04209e3567084
7,food that contain fiber,fce9c180fff9acdce59478b1b07dc3c7
7,what foods are a good source of collagen,6a88f03a1a58ae85e3f3031c5f06b194
-1,how does videolicious work,7f62f28a5f38aefa9b33f4ac56aa9a7f
-1,define genetically modified,ec4cd0f6fb5eeeb864211b706cb44888
15,what does cinque terre mean,5d9d43b87c68704ab8c8ca3fdfe777b0
-1,who coined the term democratic socialist,f2ead0876439cdb82c6be6c1209dfb00
-1,what is recorded post,f3fd53e5a4c26afeb154194b81773308
3,what kind of pain does arthritis cause,6f5a7b60bc26cf16590efd900746fc5f
7,what foods have fructose,749ab1120c88c497b23edcd3fa58afa5
2,drinking alcohol with mono,524ff68de57f4cc386d1604cdb506d5a
0,average home lifts prices,72a19034b63dcdc9a638f6094d3ee45c
-1,what does kahana mean in hawaiian,0e3a087d0e84c583ae2b4016bf3c8b13
6,procurement marketing definition,c7f3e21f4a9f54152eb1b019659d2b5c
-1,do clownfish come in different colors,e151d3f4c85feacddea10cbc8763d37e
-1,coarctation definition,a1ee3dbaceee0bd1e5e3c8585ce61102
-1,What is potassium and what does it do,110589d9eca98884615b1005518389ac
-1,of what does the alimentary canal of nematodes consists,4239d683d76a8e1d415342f71d206d68
-1,dealing with ants in the garden,ab3e26acabecdcc683eefe7157fe5bab
-1,what is heterotopia,f5e1fb5cec1fe9108f9b11870d41bf17
3,what is dengue fever,0da93ba8f127195194e5a0c62860b9fb
-1,what is kashk,ec180fcabe00c69f526721c5668be19a
-1,what is kashk,d099b8184181926e03e815a4dc31a410
4,where is Traralgon on the australian map,98b373a5e678bbb44a0c6ff4c4c72e1d
-1,meaning of criticise,c71d030d37613921664a1ef5621bd34e
-1,what is a glove maker called,7fb596f352c5afe8308df7ce2dc1a277
17,why did the slaves revolt in benito cereno,c3eab619948ec48c46e64ef4b90710b5
5,origin of name lettice,cde11a2aa5d4ca6fc45484d26d8b65c1
-1,how long does it take to hatch a mallard duck egg,fe4b3bc2c59fc0be6e136b75e04043ef
10,what are the cells surrounding the egg,f49649829b1c3a4553059af6b2a66e19
12,what is a seaweeds habitat,1a5baad993a98aac8b4f8eb10656cedb
15,what does prtsc mean,d60bf1dda919509f9bcc68ce07977b44
11,how long to cook halibut in the oven,025a0e35b9cdd1290b38bdffa9793558
11,how long to cook halibut in the oven,86d98cb559bf39c9dab4d37b60d0c32a
3,what is a hill-sachs lesion,3e97d43cb2158ef4dfcb0f8f0f903e93
-1,is caiman alligator,ff1ed6047ff28d262d29d0c721245779
0,what does annual deductible mean for pet insurance,2925bfe029950433cc14a00f20272979
-1,what kind of organisms does tetracycline treat,5fe79732e84da947dfbde8ad18ffea92
-1,what is air conditioning,9515acb44660a35a4dd8a9ed3f5e3ebf
0,can i deduct hoa fees for my rental property,a740e2ac910488f4e65940c1ad8e7336
7,is licorice fattening,540d3976d4a5e3718974c3a7e528775c
-1,The term mimesis means,1f21b73d084a225d8bac42ed71cbaad2
-1,The term mimesis means,9051d3b18b0a5dc0ed38e1fda7b4d0ee
0,how much is one carat raNDS,e5b6dd7936789511c42407f6c9bb5ea3
0,how much does a software engineer make,47bb650164cf71b30e000f5e24728657
1,when can you no longer claim a child on taxes,48185bc24024818971a01c9eeedf869c
15,what is sutent,cfd1a05363b53e0491af18bb9491757d
-1,where is the common bile duct located,be779c3f304098eea6d1f3d25d09408d
1,how long do medical collections stay on credit report,78eda443b13d6b435f6381970ecc36ab
9,difference between rocks and minerals,3c3d8ad8848f4d1385eb4931dd549261
0,salary of an orthodontist,1bcbe23c3c9f59ac8f7908b0c55d628e
0,army who is susie,5efa3a2195eb89719092e7f046801259
0,army who is susie,0772fbc7d4a82230d600669d8803f2d5
0,army who is susie,a9cbcd2459047914e290eeab61230560
4,where do hyenas live,009d480647f0d733637e2b206506c5ad
0,average locational marginal price for energy pjm,dbc3cb2a7ed331d7945589bbae8e64d9
6,what does modem stand for,2f1d706ab377aa84d438b1d87f5956ec
-1,what is digit span in psychology,0902144ff3f8cf769385e5c327010bbe
-1,sphygmomanometer definition and function,a3b581373267b3352564fe655ed77ef1
8,temperature of cooked beef tenderloin,b1e902f6ab6325c49438358392f3b094
14,what is the meaning of hemithorax,f524320040d53e15d12dff087ff8dd0f
0,average relocation costs,2121fcf44682e47e3bd8869097c5cd63
-1,what is currency in switzerland called,910fa00efe6fbe9266452138adfb6ae7
5,what does the word cava means,16eb934c2478a08c49261b95f696e9c4
2,what are autonomic neurons,11cb859c1ac28774b952142d243dbf9d
-1,how to get rid of larder beetles in house,9191d23d690d0f58276904848439bb29
3,what does squamous metaplasia mean,330c9187260f26d2bfa2b29ebcdf6001
-1,what is founder shares,81a8609f9d037297725e10f27eeb70ca
-1,how long do you get when you rent a movie on itunes,fe87fd86957f4753f4aa5ed590a14c16
0,typical price for siamese cats,824d234bbafedb925d26683461ebb7bd
-1,what is myelosuppression,0d1c36a1d8d99d0e61238dfcadef7388
-1,what gases are considered greenhouse gases,b88cda6a4689d9f30c57cb0a92d7771d
0,psa grading cost,200713f58e49f8488ad756df1c3fcac6
-1,when did the vietnam war agreement happen,e7c7fc514a9746c0e1bb3a1e37aca9b7
9,different types of precious stones,7e069972b1a764c88e7b8d20840cba41
11,how long does it take to cook a pork loin,14452c215905c0a7a92fcb382d1d6996
4,region that includes the island of trinidad,4a52ce9f4a09d2220c001d3f36c181d8
-1,parsimony definition evolutionary psychology,da7630c66278a7ffa94689068b8a8be5
2,what is the Frontal Striatal system,57bdf5ae21c50fcb27c1757d941eaab2
-1,how much vitamin c for kids,52d5a5e816b5e964567274232f9f23e4
1,what age puppy leave mother,7bf66a7c2e7d5767f70c7c2e05fdf955
